Alameda County,Albany High,1Alameda County,Albany Middle,2Alameda County,MacGregor High (Continuation),3Alameda County,Berkeley High,4Alameda County,Berkeley Technology Academy,5Alameda County,Castro Valley High,6Alameda County,Redwood Alternative High,7Alameda County,Redwood Continuation High,8Alameda County,Dublin High,9Alameda County,Valley High (Continuation),10Alameda County,Emery Secondary,11Alameda County,American High,12Alameda County,Circle of Independent Learning,13Alameda County,Irvington High,14Alameda County,John F. Kennedy High,15Alameda County,Mission San Jose High,16Alameda County,Robertson High (Continuation),17Alameda County,Vista Alternative,18Alameda County,Washington High,19Alameda County,Brenkwitz High,20Alameda County,Impact Academy of Arts & Technology,21Alameda County,Leadership Public Schools - Hayward,22Alameda County,Mt. Eden High,23Alameda County,Tennyson High,24Alameda County,Core Learning Academy at Conley-Caraballo High,25Alameda County,Decoto School for Independent Study,26Alameda County,El Rancho Verde High (Cont.),27Alameda County,James Logan High,28Alameda County,New Haven Community Day,29Alameda County,Newark Memorial High,30Alameda County,Progressive Academy,31Alameda County,ARISE High,32Alameda County,American Indian Public High,33Alameda County,Aspire Golden State College Preparatory Academy,34Alameda County,Bay Area Technology,35Alameda County,Bunche Continuation High,36Alameda County,"Business, Entrepreneurial School of Technology High",37Alameda County,Civicorps Corpsmember Academy,38Alameda County,Civicorps Elementary,39Alameda County,College Preparatory and Architecture Academy,40Alameda County,Community Day,41Alameda County,Dewey Academy,42Alameda County,East Oakland Leadership Academy High,43Alameda County,East Oakland School of the Arts,44Alameda County,Eastside Continuation High,45Alameda County,Far West,46Alameda County,Fremont Federation,47Alameda County,Fremont High,48Alameda County,Hillside Academy,49Alameda County,"Independent Study, Sojourner Truth",50Alameda County,LPS College Park,51Alameda County,LPS Oakland R & D Campus,52Alameda County,Leadership Preparatory High,53Alameda County,Mandela High,54Alameda County,McClymonds High,55Alameda County,McClymonds Senior High,56Alameda County,Media College Preparatory,57Alameda County,Merritt Middle College High (Alternative),58Alameda County,Oakland Charter High,59Alameda County,Oakland High,60Alameda County,Oakland International High,61Alameda County,"Oakland Military Institute, College Preparatory Academy",62Alameda County,Oakland Special Programs (Cyes,63Alameda County,Oakland Technical High,64Alameda County,Ralph J. Bunche Academy,65Alameda County,Ralph J. Bunche High,66Alameda County,Robeson School of Visual and Performing Arts,67Alameda County,Rudsdale Continuation,68Alameda County,Skyline High,69Alameda County,Street Academy (Alternative),70Alameda County,University Preparatory Charter Academy,71Alameda County,Whitton (Oh) (Charles) Center,72Alameda County,"YES, Youth Empowerment",73Alameda County,Youth Employment Partnership Charter,74Alameda County,Millennium High Alternative,75Alameda County,Piedmont High,76Alameda County,Amador Valley High,77Alameda County,Foothill High,78Alameda County,Pleasanton Unified,79Alameda County,Pleasanton Unified Alternative,80Alameda County,Village High,81Alameda County,Lincoln High (Continuation),82Alameda County,San Leandro High,83Alameda County,Arroyo High,84Alameda County,Bohannon Middle,85Alameda County,Independent Study,86Alameda County,KIPP King Collegiate High,87Alameda County,Royal Sunset (Continuation),88Alameda County,San Lorenzo High,89Alameda County,Bay Area School for Independent Study B.A.S.I.S.,90Alpine County,Woodfords High,91Amador County,Amador High,92Amador County,Argonaut High,93Amador County,North Star Independent Study,94Butte County,Biggs High,95Butte County,Center for Alternative Learning,96Butte County,Chico High,97Butte County,Fair View High (Continuation),98Butte County,Inspire School of Arts and Sciences,99Butte County,Loma Vista,100Butte County,Oakdale,101Butte County,Pleasant Valley High,102Butte County,Durham High,103Butte County,Mission High,104Butte County,Esperanza High (Continuation),105Butte County,Gridley High,106Butte County,Gridley Unified Community Day (7-12),107Butte County,Gridley High,108Butte County,Challenge Charter High,109Butte County,Las Plumas High,110Butte County,Prospect High (Continuation),111Butte County,Hometech Charter,112Butte County,Honey Run Academy Secondary,113Butte County,Paradise Charter Network (155),114Butte County,Paradise Senior High,115Butte County,Paradise eLearning Academy,116Butte County,Ridgeview High (Continuation),117Calaveras County,Bret Harte Union High,118Calaveras County,Copper Cove High,119Calaveras County,John Vierra High,120Calaveras County,Vallecito Continuation High,121Calaveras County,Calaveras High,122Calaveras County,Jenny Lind High,123Calaveras County,West Point Alternative,124Colusa County,Colusa High,125Colusa County,Arbuckle Alternative High (Continuation),126Colusa County,Pierce High,127Colusa County,Mid Valley High (Continuation),128Colusa County,Williams Junior/Senior High,129Contra Costa County,Acalanes High,130Contra Costa County,Campolindo High,131Contra Costa County,Las Lomas High,132Contra Costa County,Miramonte High,133Contra Costa County,Antioch High,134Contra Costa County,Bidwell Continuation High,135Contra Costa County,Deer Valley High,136Contra Costa County,Dozier-Libbey Medical High,137Contra Costa County,Live Oak High (Continuation),138Contra Costa County,Prospects High (Alternative),139Contra Costa County,John Swett High,140Contra Costa County,Willow High,141Contra Costa County,Freedom High,142Contra Costa County,Heritage High,143Contra Costa County,Independence High,144Contra Costa County,La Paloma High (Continuation),145Contra Costa County,Liberty High,146Contra Costa County,Alhambra Senior High,147Contra Costa County,Vicente Martinez High,148Contra Costa County,Home and Hospital,149Contra Costa County,Mt. Diablo High,150Contra Costa County,Mt. Diablo Unified,151Contra Costa County,Olympic Continuation High,152Contra Costa County,Summit High (Continuation),153Contra Costa County,Black Diamond High (Continuation),154Contra Costa County,Grasp-Independent Study,155Contra Costa County,Independent Learning Center,156Contra Costa County,Pittsburg Senior High,157Contra Costa County,California High,158Contra Costa County,Del Amigo High (Continuation),159Contra Costa County,Dougherty Valley High,160Contra Costa County,Monte Vista High,161Contra Costa County,San Ramon Valley High,162Contra Costa County,Venture (Alternative),163Contra Costa County,Alternative Education Learning Center Charter,164Contra Costa County,De Anza Senior High,165Contra Costa County,Delta Continuation High,166Contra Costa County,El Cerrito Senior High,167Contra Costa County,Gompers (Samuel) Continuation,168Contra Costa County,Harmon (Ralph) (Smr),169Contra Costa County,Hercules High,170Contra Costa County,Kennedy High,171Contra Costa County,Leadership Public Schools: Richmond,172Contra Costa County,Middle College High,173Contra Costa County,North Campus Continuation,174Contra Costa County,Omega Continuation High,175Contra Costa County,Pinole Valley High,176Contra Costa County,Richmond High,177Contra Costa County,Sigma Continuation High,178Contra Costa County,Transition Learning Center,179Contra Costa County,Vista High (Alternative),180Contra Costa County,WCCUSD Community Day School Program,181Contra Costa County,West Contra Costa Unified,182Contra Costa County,West County Community High,183Del Norte County,Del Norte High,184Del Norte County,Sunset High,185El Dorado County,American River Charter,186El Dorado County,Black Oak Mine Community Day,187El Dorado County,EDUHSD Virtual Academy at Shenandoah,188El Dorado County,EDUSHD Community Day,189El Dorado County,El Dorado High,190El Dorado County,Independence Continuation,191El Dorado County,Independent Learning Center (Alternative),192El Dorado County,Independent Learning Centers,193El Dorado County,Mountain View High,194El Dorado County,Oak Ridge High,195El Dorado County,Ponderosa High,196El Dorado County,Pondorado Alternative Center,197El Dorado County,Union Mine High,198El Dorado County,Vista High,199El Dorado County,Contract Independent Study,200El Dorado County,South Tahoe High,201El Dorado County,Transitional Learning Center (Continuation),202Fresno County,Caruthers High,203Fresno County,MARC Community Day,204Fresno County,MARC High (Cont.),205Fresno County,Central High,206Fresno County,Central High East Campus,207Fresno County,Central Unified Alternative/Opportunity,208Fresno County,Pershing Continuation High,209Fresno County,Buchanan High,210Fresno County,Clovis Community Day Secondary,211Fresno County,Clovis East High,212Fresno County,Clovis High,213Fresno County,Clovis North High,214Fresno County,Clovis Online Charter,215Fresno County,Clovis West High,216Fresno County,Enterprise Alternative,217Fresno County,Gateway High (Continuation),218Fresno County,Fowler Academy Community Day (9-12),219Fresno County,Fowler Academy Continuation,220Fresno County,Fowler Academy Independent Study,221Fresno County,Bullard High,222Fresno County,Cambridge Continuation High,223Fresno County,Carter G. Woodson Public Charter,224Fresno County,Cornerstone Academy,225Fresno County,Design Science Early College High,226Fresno County,Dewolf Continuation High,227Fresno County,Edison High,228Fresno County,Erma Duncan Polytechnical High,229Fresno County,Florence E. Rata,230Fresno County,Fresno Academy for Civic and Entrepreneurial Leadership,231Fresno County,Fresno High,232Fresno County,Fresno Unified,233Fresno County,Fulton Special Education,234Fresno County,Gateway Academy,235Fresno County,Herbert Hoover High,236Fresno County,J. E. Young Academic Center,237Fresno County,Kisling Center (Spec. Ed.),238Fresno County,New Horizon High,239Fresno County,New Millennium Institute of Education Charter,240Fresno County,Renaissance Charter,241Fresno County,Roosevelt High,242Fresno County,School of Unlimited Learning,243Fresno County,Sierra Charter,244Fresno County,Sunnyside High,245Fresno County,University High,246Fresno County,Valley Preparatory Academy Charter,247Fresno County,Rio Del Rey High (Continuation),248Fresno County,Enterprise High,249Fresno County,Kerman High,250Fresno County,Kerman Unified Alternative Education,251Fresno County,Laton High,252Fresno County,Mendota High,253Fresno County,Parlier Alternative Education Center,254Fresno County,Parlier High,255Fresno County,San Joaquin Valley Charter,256Fresno County,San Joaquin Valley High,257Fresno County,Riverdale High,258Fresno County,Hallmark Charter,259Fresno County,Taft High,260Fresno County,Heartland High (Continuation),261Fresno County,Selma High,262Fresno County,Selma Independent,263Fresno County,Shaver Lake Educational Center,264Fresno County,Willow Creek Educ. Ctr (Cont.),265Fresno County,Oak Meadow Community Day,266Fresno County,Sierra High,267Fresno County,West Fresno Performing Arts Academy,268Fresno County,Rosalyn Charter,269Fresno County,West Park Charter Academy,270Fresno County,Crescent View South Charter,271Glenn County,North Valley High (Continuation),272Glenn County,Orland High,273Glenn County,Princeton High Community Day,274Glenn County,Princeton Junior-Senior High,275Glenn County,Willows High,276Humboldt County,Barnum (Zoe) High (Cont.),277Humboldt County,Eureka Senior High,278Humboldt County,Ferndale High,279Humboldt County,Academy of the Redwoods,280Humboldt County,East High (Continuation),281Humboldt County,Fortuna Union High,282Humboldt County,Pacific View Charter,283Humboldt County,Mattole Triple Junction High,284Humboldt County,Mattole Valley Charter (#159),285Imperial County,Brawley High,286Imperial County,Desert Valley High (Continuation),287Imperial County,Calipatria High,288Imperial County,Midway High,289Imperial County,Central Union High,290Imperial County,Desert Oasis High (Continuation),291Imperial County,Southwest High,292Imperial County,Freedom Academy of Imperial Valley,293Imperial County,Holtville High,294Imperial County,Sam Webb Continuation,295Imperial County,Imperial High,296Inyo County,Big Pine High,297Inyo County,Eureka Dunes High,298Inyo County,Death Valley High Academy,299Inyo County,Lone Pine High,300Inyo County,Sierra Alternative Learning Academy,301Inyo County,Owens Valley Community Day,302Inyo County,Owens Valley High,303Kern County,Cesar E. Chavez High,304Kern County,Delano High,305Kern County,Robert F. Kennedy High,306Kern County,Valencia (Ygnacio) High (Alternative),307Kern County,Valley High,308Kern County,El Tejon Continuation High,309Kern County,Frazier Mountain High,310Kern County,California Virtual Academy @ Kern,311Kern County,California Virtual Academy High @ Maricopa,312Kern County,Maricopa High,313Kern County,McFarland High,314Kern County,McFarland Independent,315Kern County,San Joaquin High (Continuation),316Kern County,California City High,317Kern County,Douglas,318Kern County,Mojave Jr./Sr. High,319Kern County,Red Rock Community Day,320Kern County,Boron Junior-Senior High,321Kern County,Desert Junior-Senior High,322Kern County,California Pacific Charter School of Kern,323Kern County,Burroughs High,324Kern County,Mesquite Continuation High,325Kern County,Rare Earth High (Continuation),326Kern County,Rosamond High,327Kern County,Buena Vista High (Continuation),328Kern County,Taft Union High,329Kern County,Westside Independent Study High,330Kern County,Monroe High (Continuation),331Kern County,Summit High (Alternative),332Kern County,Tehachapi High,333Kern County,Wasco High,334Kern County,Wasco Independence High,335Kings County,California Virtual Academy @ Kings,336Kings County,Crossroads Charter,337Kings County,"National University Academy, Armona",338Kings County,California Pacific Charter School of Central California,339Kings County,Corcoran High,340Kings County,Kings Lake Education Center,341Kings County,Jamison (Donald C.) High (Continuation),342Kings County,Lemoore High,343Kings County,Lemoore Middle College High,344Kings County,Yokuts High,345Kings County,Adelante High,346Kings County,Reef-Sunset Secondary Community Day,347Kings County,Sunrise High (Continuation),348Lake County,Kelseyville High,349Lake County,Riviera High,350Lake County,Carle (William C.) High (Continuation),351Lake County,Genesis High,352Lake County,Lower Lake High,353Lake County,Richard H. Lewis Alternative,354Lake County,Natural High (Continuation),355Lake County,Loconoma Valley High,356Lake County,Middletown High,357Lassen County,Gateway High (Continuation),358Lassen County,Herlong High,359Lassen County,Mt. Lassen Charter,360Lassen County,Credence High,361Lassen County,Diamond Mountain Charter High,362Lassen County,Lassen High,363Lassen County,Horizon High (Continuation),364Lassen County,Westwood Charter,365Lassen County,Westwood Community Day,366Los Angeles County,ABC Secondary (Alternative),367Los Angeles County,ABC Unified,368Los Angeles County,Artesia High,369Los Angeles County,Carver (Charles J.) Elementary,370Los Angeles County,Cerritos High,371Los Angeles County,Gahr (Richard) High,372Los Angeles County,Tracy (Wilbur) High (Continuation),373Los Angeles County,Whitney (Gretchen) High,374Los Angeles County,Academy of Arts and Sciences: Los Angeles (9-12),375Los Angeles County,Vasquez High,376Los Angeles County,Alhambra High,377Los Angeles County,Century High,378Los Angeles County,Independence High (Alternative),379Los Angeles County,Mark Keppel High,380Los Angeles County,San Gabriel High,381Los Angeles County,Arcadia High,382Los Angeles County,Rancho Learning Center (Alternative),383Los Angeles County,Azusa High,384Los Angeles County,Gladstone High,385Los Angeles County,Baldwin Park Alternative,386Los Angeles County,Baldwin Park High,387Los Angeles County,North Park Continuation High,388Los Angeles County,Opportunities For Learning - Baldwin Park II,389Los Angeles County,Opportunities for Learning - Baldwin Park,390Los Angeles County,Sierra Vista High,391Los Angeles County,Bassett Senior High,392Los Angeles County,Bellflower Alternative Education Center,393Los Angeles County,Bellflower High,394Los Angeles County,Mayfair High,395Los Angeles County,Somerset Continuation High,396Los Angeles County,Beverly Hills High,397Los Angeles County,Bonita High,398Los Angeles County,Chaparral High (Continuation),399Los Angeles County,San Dimas High,400Los Angeles County,Vista (Alternative),401Los Angeles County,Burbank High,402Los Angeles County,Burroughs High,403Los Angeles County,Monterey High (Continuation),404Los Angeles County,Off Campus Learning Center,405Los Angeles County,Options for Youth-Burbank Charter,406Los Angeles County,Arrow High (Continuation),407Los Angeles County,Bridges Community Day,408Los Angeles County,Charter Oak Alternative Education,409Los Angeles County,Charter Oak High,410Los Angeles County,Oak Knoll Alternative,411Los Angeles County,Claremont High,412Los Angeles County,Community Day,413Los Angeles County,Centennial High,414Los Angeles County,Cesar Chavez Continuation High,415Los Angeles County,Compton Community Day High,416Los Angeles County,Compton High,417Los Angeles County,Compton Unified Alternative/Opportunity,418Los Angeles County,Dominguez High,419Los Angeles County,Vanguard Learning Center,420Los Angeles County,Covina High,421Los Angeles County,Fairvalley High (Continuation),422Los Angeles County,Northview High,423Los Angeles County,Ranger High (Alternative),424Los Angeles County,South Hills High,425Los Angeles County,Culver City High,426Los Angeles County,Culver City Independent Study,427Los Angeles County,Columbus Continuation,428Los Angeles County,Downey High,429Los Angeles County,Rancho Los Amigos Hospital,430Los Angeles County,Warren High,431Los Angeles County,Duarte High,432Los Angeles County,Mt. Olive Innovation and Technology High,433Los Angeles County,Opportunities for Learning - Duarte,434Los Angeles County,Arroyo High,435Los Angeles County,El Monte High,436Los Angeles County,El Monte Union High School Community Day,437Los Angeles County,Fernando R. Ledesma Continuation High,438Los Angeles County,Mountain View High,439Los Angeles County,Rosemead High,440Los Angeles County,El Rancho Alternative Education Center,441Los Angeles County,El Rancho High,442Los Angeles County,Eugene A. Obregon,443Los Angeles County,Ruben Salazar Continuation,444Los Angeles County,Arena High (Continuation),445Los Angeles County,El Segundo High,446Los Angeles County,Anderson W. Clark Magnet High,447Los Angeles County,College View,448Los Angeles County,Crescenta Valley High,449Los Angeles County,Daily (Allan F.) High (Continuation),450Los Angeles County,Glendale High,451Los Angeles County,Herbert Hoover High,452Los Angeles County,Glendora High,453Los Angeles County,Whitcomb Continuation High,454Los Angeles County,Gorman Learning Center,455Los Angeles County,Lifeline Education Charter,456Los Angeles County,Animo Inglewood Charter High,457Los Angeles County,City Honors College Preparatory Academy,458Los Angeles County,Inglewood High,459Los Angeles County,Morningside High,460Los Angeles County,La Canada High,461Los Angeles County,Agoura High,462Los Angeles County,Calabasas High,463Los Angeles County,Indian Hills Continuation High,464Los Angeles County,Environmental Charter High,465Los Angeles County,Cabrillo High,466Los Angeles County,California Academy of Mathematics and Science,467Los Angeles County,Colegio New City,468Los Angeles County,Educational Partnership High,469Los Angeles County,Jordan High,470Los Angeles County,Lakewood High,471Los Angeles County,Long Beach Unified,472Los Angeles County,Millikan High,473Los Angeles County,Options for Youth-Long Beach Charter,474Los Angeles County,Pacific Learning Center Charter,475Los Angeles County,Polytechnic High,476Los Angeles County,Premiere Education Charter,477Los Angeles County,Promise Academy,478Los Angeles County,Reid High,479Los Angeles County,Rosie the Riveter Charter High,480Los Angeles County,Select Community Day (Secondary),481Los Angeles County,Wilson High,482Los Angeles County,APEX Academy,483Los Angeles County,ARTLAB at Sonia Sotomayor Learning Academics,484Los Angeles County,Abraham Lincoln Senior High,485Los Angeles County,Academies of Education and Empowerment at Carson High,486Los Angeles County,Academy for Multilingual Arts and Science at Mervyn M. Dymally High,487Los Angeles County,Academy of Environmental & Social Policy (ESP) at Roosevelt High,488Los Angeles County,Academy of Medical & Health Sciences at Roosevelt High,489Los Angeles County,Academy of Medical Arts at Carson High,490Los Angeles County,Aggeler Community Day,491Los Angeles County,Alain Leroy Locke 3 College Preparatory Academy,492Los Angeles County,Albert Einstein Continuation,493Los Angeles County,Alexander Hamilton Senior High,494Los Angeles County,Alliance Cindy and Bill Simon Technology Academy High,495Los Angeles County,Alliance College-Ready Academy High No. 7,496Los Angeles County,Alliance Dr. Olga Mohan High,497Los Angeles County,Alliance Environmental Science and Technology High,498Los Angeles County,Alliance Gertz-Ressler Richard Merkin 6-12 Complex,499Los Angeles County,Alliance Health Services Academy High,500Los Angeles County,Alliance Marc & Eva Stern Math and Science,501Los Angeles County,Alliance Media Arts and Entertainment Design High,502Los Angeles County,Alliance Ouchi-O'Donovan 6-12 Complex,503Los Angeles County,Alliance Renee and Meyer Luskin Academy High,504Los Angeles County,Alliance Tennenbaum Family Technology High,505Los Angeles County,Alphonso B. Perez Special Education Center,506Los Angeles County,Amelia Earhart Continuation,507Los Angeles County,Anahuacalmecac International Preparatory High School of North America,508Los Angeles County,Angel's Gate (Continuation),509Los Angeles County,Animo College Preparatory Academy,510Los Angeles County,Animo Film and Theater Arts Charter High,511Los Angeles County,Animo Justice Charter High,512Los Angeles County,Animo Locke II College Preparatory Academy,513Los Angeles County,Animo Locke Technology High,514Los Angeles County,Animo Pat Brown,515Los Angeles County,Animo South Los Angeles Charter,516Los Angeles County,Animo Venice Charter High,517Los Angeles County,Animo Watts College Preparatory Academy,518Los Angeles County,Arleta High,519Los Angeles County,"Arleta High School of Science, Math & Related Technologies (S.M.A.R.T.)",520Los Angeles County,Aspire Pacific Academy,521Los Angeles County,Augustus F. Hawkins High A Critical Design and Gaming,522Los Angeles County,Augustus F. Hawkins High B Community Health Advocates,523Los Angeles County,Augustus F. Hawkins High C Responsible Indigenous Social Entrepreneurship,524Los Angeles County,Avalon High,525Los Angeles County,Bell Senior High,526Los Angeles County,Belmont Senior High,527Los Angeles County,Benjamin Banneker Special Education Center,528Los Angeles County,Benjamin Franklin Senior High,529Los Angeles County,Berenece Carlson Home Hospital,530Los Angeles County,Birmingham Community Charter High,531Los Angeles County,Bright Star Secondary Charter Academy,532Los Angeles County,C. Morley Sellery Special Education Center,533Los Angeles County,CDS Secondary,534Los Angeles County,CHAMPS - Charter HS of Arts-Multimedia & Performing,535Los Angeles County,Cal Burke High,536Los Angeles County,Camino Nuevo Charter High,537Los Angeles County,Canoga Park Senior High,538Los Angeles County,Carson Senior High,539Los Angeles County,Central High,540Los Angeles County,Cesar E. Chavez Learning Academies-Social Justice Humanitas Academy,541Los Angeles County,Cesar E. Chavez Learning Academies-Teacher Preparation Academy,542Los Angeles County,Cesar E. Chavez Learning Academy - Arts/Theatre/Entertain Mag,543Los Angeles County,Chatsworth Charter High,544Los Angeles County,Cheviot Hills Continuation,545Los Angeles County,City of Angels,546Los Angeles County,Civitas School of Leadership,547Los Angeles County,Communication and Technology at Diego Rivera Learning Complex,548Los Angeles County,Community Harvest Charter,549Los Angeles County,Contreras Learning Center-Academic Leadership Community,550Los Angeles County,Contreras Learning Center-Los Angeles School of Global Studies,551Los Angeles County,Cooper (James Fenimore) Opportunity High,552Los Angeles County,Crenshaw Arts-Technology Charter High,553Los Angeles County,"Crenshaw Science, Technology, Engineering, Math and Medicine Magnet",554Los Angeles County,David Starr Jordan Senior High,555Los Angeles County,Diane S. Leichman Special Education Center,556Los Angeles County,Discovery Charter,557Los Angeles County,Discovery Charter Preparatory No. 2,558Los Angeles County,Dorothy V. Johnson Community Day,559Los Angeles County,Downtown Business High,560Los Angeles County,Dr. Maya Angelou Community High,561Los Angeles County,Eagle Rock High,562Los Angeles County,Eagle Tree Continuation,563Los Angeles County,Early College Academy-LA Trade Tech College,564Los Angeles County,East Los Angeles Renaissance Academy at Esteban E. Torres High No. 2,565Los Angeles County,East Valley Senior High,566Los Angeles County,Edward R. Roybal Learning Center,567Los Angeles County,El Camino Real Charter High,568Los Angeles County,Elizabeth Learning Center,569Los Angeles County,Ellington (Duke) High (Continuation),570Los Angeles County,Engineering and Technology Academy at Esteban E. Torres High No. 3,571Los Angeles County,Esteban Torres East LA Performing Arts Magnet,572Los Angeles County,Evergreen Continuation,573Los Angeles County,Fairfax Senior High,574Los Angeles County,Felicitas and Gonzalo Mendez High,575Los Angeles County,Foshay Learning Center,576Los Angeles County,Frank Lanterman,577Los Angeles County,Fred E. Lull Special Education Center,578Los Angeles County,Frederick Douglass Academy High,579Los Angeles County,Gardena Senior High,580Los Angeles County,George S. Patton Continuation,581Los Angeles County,George Washington Preparatory High,582Los Angeles County,Granada Hills Charter High,583Los Angeles County,Green Design at Diego Rivera Learning Complex,584Los Angeles County,Grover Cleveland Charter High,585Los Angeles County,Harbor Teacher Preparation Academy,586Los Angeles County,Harold McAlister High (Opportunity),587Los Angeles County,Helen Bernstein High,588Los Angeles County,Henry David Thoreau Continuation,589Los Angeles County,High Tech LA,590Los Angeles County,Highland Park Continuation,591Los Angeles County,Hollywood Senior High,592Los Angeles County,Humanitas Academy of Art and Technology at Esteban E. Torres High No. 4,593Los Angeles County,Humanitas Art School at Roosevelt High,594Los Angeles County,Humanities and Arts (HARTS) Academy of Los Angeles,595Los Angeles County,Independence Continuation,596Los Angeles County,Indian Springs Continuation,597Los Angeles County,International Studies Learning Center at Legacy High School Complex,598Los Angeles County,Jack London Community Day,599Los Angeles County,James A. Garfield Senior High,600Los Angeles County,James J. McBride Special Education Center,601Los Angeles County,James Monroe High,602Los Angeles County,Jane Addams Continuation,603Los Angeles County,John C. Fremont Senior High,604Los Angeles County,John F. Kennedy High,605Los Angeles County,John H. Francis Polytechnic,606Los Angeles County,John Marshall Senior High,607Los Angeles County,John R. Wooden High,608Los Angeles County,Joseph Pomeroy Widney High,609Los Angeles County,King/Drew Medical Magnet High,610Los Angeles County,Leadership in Entertainment and Media Arts (LEMA),611Los Angeles County,Linda Esperanza Marquez High A Huntington Park Institute of Applied Medicine,612Los Angeles County,Linda Esperanza Marquez High B LIBRA Academy,613Los Angeles County,Linda Esperanza Marquez High C School of Social Justice,614Los Angeles County,Los Angeles Academy of Arts & Enterprise Charter,615Los Angeles County,Los Angeles Big Picture High,616Los Angeles County,Los Angeles Center for Enriched Studies,617Los Angeles County,Los Angeles Leadership Academy,618Los Angeles County,Los Angeles River at Sonia Sotomayor Learning Academies,619Los Angeles County,Los Angeles Senior High,620Los Angeles County,Los Angeles Unified Alternative Education,621Los Angeles County,Lou Dantzler Preparatory Charter High,622Los Angeles County,Magnolia Science Academy 2,623Los Angeles County,Magnolia Science Academy 3,624Los Angeles County,Magnolia Science Academy 4,625Los Angeles County,Magnolia Science Academy 5,626Los Angeles County,Manual Arts Senior High,627Los Angeles County,"Math, Science, & Technology Magnet Academy at Roosevelt High",628Los Angeles County,Maywood Academy High,629Los Angeles County,Metropolitan Continuation,630Los Angeles County,Middle College High,631Los Angeles County,Middle College High (Alternative),632Los Angeles County,Miguel Leonis Continuation,633Los Angeles County,Mission Continuation,634Los Angeles County,Moneta Continuation,635Los Angeles County,Monterey Continuation,636Los Angeles County,Mt. Lukens Continuation,637Los Angeles County,Nathaniel Narbonne Senior High,638Los Angeles County,New Designs Charter School-Watts,639Los Angeles County,New Village Girls Academy,640Los Angeles County,North Hollywood Senior High,641Los Angeles County,North Valley Military Institute College Preparatory Academy,642Los Angeles County,Northridge Academy High,643Los Angeles County,Odyssey Continuation,644Los Angeles County,Orthopaedic Hospital,645Los Angeles County,Oscar De La Hoya Animo Charter High,646Los Angeles County,PUC CA Academy for Liberal Studies Early College High,647Los Angeles County,PUC Community Charter Middle and PUC Community Charter Early College High,648Los Angeles County,PUC Early College Academy for Leaders and Scholars (ECALS),649Los Angeles County,PUC Lakeview Charter High,650Los Angeles County,PUC Triumph Charter High,651Los Angeles County,Palisades Charter High,652Los Angeles County,Palisades Senior High,653Los Angeles County,Panorama High,654Los Angeles County,Performing Arts Community at Diego Rivera Learning Complex,655Los Angeles County,Phineas Banning Senior High,656Los Angeles County,Phoenix Continuation,657Los Angeles County,Port of Los Angeles High,658Los Angeles County,Public Service Community at Diego Rivera Learning Complex,659Los Angeles County,RFK Community Schools- for the Visual Arts and Humanities,660Los Angeles County,RFK Community Schools-Ambassador-Global Leadership,661Los Angeles County,RFK Community Schools-Los Angeles High School of the Arts,662Los Angeles County,RFK Community Schools-New Open World Academy K-12,663Los Angeles County,RFK Community Schools-UCLA Community K-12,664Los Angeles County,Ramon C. Cortines School of Visual and Performing Arts,665Los Angeles County,Rancho Dominguez Preparatory,666Los Angeles County,Renaissance Academy Charter High,667Los Angeles County,Renaissance Arts Academy,668Los Angeles County,Reseda Senior High,669Los Angeles County,Richard A. Alonzo Community Day,670Los Angeles County,Robert H. Lewis Continuation,671Los Angeles County,STEM Academy at Bernstein High,672Los Angeles County,San Fernando Senior High,673Los Angeles County,San Pedro Senior High,674Los Angeles County,Santee Education Complex,675Los Angeles County,School of Business and Tourism at Contreras Learning Complex,676Los Angeles County,School of Engineering and Technology,677Los Angeles County,School of History and Dramatic Arts at Sonia Sotomayor Learning Academies,678Los Angeles County,School of Law & Government at Roosevelt High,679Los Angeles County,"School of Science, Technology, Engineering & Math (STEM) at Roosevelt High",680Los Angeles County,"Science, Technology, Engineering, Arts and Mathematics at Legacy High School Complex",681Los Angeles County,Social Justice Leadership Academy at Esteban E. Torres High No. 5,682Los Angeles County,Social Justice Schools: Global Issues Academy at Dr. Maya Angelou Community High,683Los Angeles County,South East High,684Los Angeles County,South Gate Senior High,685Los Angeles County,Stoney Point Continuation,686Los Angeles County,Sun Valley High,687Los Angeles County,Susan Miller Dorsey Senior High,688Los Angeles County,Sylmar Senior High,689Los Angeles County,Synergy Quantum Academy,690Los Angeles County,Temescal Canyon Continuation,691Los Angeles County,Theodore Roosevelt Senior High,692Los Angeles County,Thirty-Second Street USC Performing Arts,693Los Angeles County,Thomas Jefferson Senior High,694Los Angeles County,Thomas Starr King Middle School Film and Media Magnet,695Los Angeles County,Tri-C Community Day,696Los Angeles County,Tri-C Opportunity,697Los Angeles County,Ulysses S. Grant Senior High,698Los Angeles County,University Senior High,699Los Angeles County,Valley Academy of Arts and Sciences,700Los Angeles County,Valley Alternative Magnet,701Los Angeles County,Van Nuys Senior High,702Los Angeles County,Vaughn Next Century Learning Center,703Los Angeles County,Venice Senior High,704Los Angeles County,Verdugo Hills Senior High,705Los Angeles County,View Park Continuation,706Los Angeles County,View Park Preparatory Accelerated High,707Los Angeles County,Visual and Performing Arts at Legacy High School Complex,708Los Angeles County,WESM Health/Sports Medicine,709Los Angeles County,West Adams Preparatory High,710Los Angeles County,West Hollywood Opportunity,711Los Angeles County,Whitney Young Continuation,712Los Angeles County,Will Rogers Continuation,713Los Angeles County,William Howard Taft Charter High,714Los Angeles County,William J. Johnston Community Day,715Los Angeles County,William Tell Aggeler Opportunity High,716Los Angeles County,Woodrow Wilson Senior High,717Los Angeles County,Youth Opportunities Unlimited,718Los Angeles County,Zane Grey Continuation,719Los Angeles County,Kaplan Academy of Southern California,720Los Angeles County,Lynwood High,721Los Angeles County,Pathway High,722Los Angeles County,Pathway Independent Study,723Los Angeles County,Vista High (Continuation),724Los Angeles County,Mira Costa High,725Los Angeles County,Canyon Oaks High,726Los Angeles County,Monrovia High,727Los Angeles County,Quest Academy Community Day,728Los Angeles County,Bell Gardens High,729Los Angeles County,Futures High (Cont.),730Los Angeles County,Laguna Nueva,731Los Angeles County,Montebello Community Day,732Los Angeles County,Schurr High,733Los Angeles County,Vail High (Continuation),734Los Angeles County,Guidance Charter,735Los Angeles County,Buena Vista High,736Los Angeles County,Paramount Alternative Education Center,737Los Angeles County,Paramount High School Academy,738Los Angeles County,Paramount Unified Community Day,739Los Angeles County,Blair High,740Los Angeles County,CIS Academy,741Los Angeles County,John Muir High,742Los Angeles County,Learning Works,743Los Angeles County,Norma Coombs Alternative,744Los Angeles County,Pasadena Unified Alternative,745Los Angeles County,Roosevelt,746Los Angeles County,Woodrow Wilson Middle,747Los Angeles County,Diamond Ranch High,748Los Angeles County,Ganesha High,749Los Angeles County,Garey High,750Los Angeles County,Park West High (Continuation),751Los Angeles County,Pomona Alternative,752Los Angeles County,Pomona High,753Los Angeles County,Redondo Shores High (Continuation),754Los Angeles County,Redondo Union High,755Los Angeles County,John A. Rowland High,756Los Angeles County,Nogales High,757Los Angeles County,Rowland Unified Community Day,758Los Angeles County,Santana High (Continuation),759Los Angeles County,iQ Academy California-Los Angeles,760Los Angeles County,Lifeline Education Charter,761Los Angeles County,School of Arts and Enterprise,762Los Angeles County,Del Mar High,763Los Angeles County,Gabrielino High,764Los Angeles County,Options for Youth San Gabriel,765Los Angeles County,San Marino High,766Los Angeles County,South Pasadena Continuation,767Los Angeles County,South Pasadena Senior High,768Los Angeles County,Dr. Doug Sears Learning Center,769Los Angeles County,Temple City Alternative,770Los Angeles County,Temple City High,771Los Angeles County,Gene Drevno Community Day,772Los Angeles County,North High,773Los Angeles County,Shery (Kurt T.) High (Continuation),774Los Angeles County,South High,775Los Angeles County,Torrance High,776Los Angeles County,West High,777Los Angeles County,Destiny Community Day,778Los Angeles County,Ron Hockwalt Academies (Continuation),779Los Angeles County,Walnut High,780Los Angeles County,Edgewood High,781Los Angeles County,Independent Study,782Los Angeles County,Insight @ Los Angeles,783Los Angeles County,West Covina High,784Los Angeles County,California High,785Los Angeles County,La Serna High,786Los Angeles County,Pioneer High,787Los Angeles County,Santa Fe High,788Los Angeles County,Sierra Vista High (Alternative),789Los Angeles County,Whittier High,790Madera County,Chawanakee Academy,791Madera County,Minarets Charter High,792Madera County,Minarets High,793Madera County,Mountain Oaks High,794Madera County,Chowchilla Union High,795Madera County,Gateway High (Continuation),796Madera County,Camelot High,797Madera County,Centennial Independent Study,798Madera County,Children's Hospital of Central California,799Madera County,Independence Continuation High,800Madera County,Liberty High,801Madera County,Lincoln Community Day,802Madera County,Furman (Duane E.) West (Alter. Ed.),803Madera County,Madera High,804Madera County,Madera South High,805Madera County,Mountain Vista High,806Madera County,Ripperdan High,807Madera County,Sherman Thomas Charter High,808Madera County,Ahwahnee High,809Madera County,Foothill High (Alternative),810Madera County,Glacier High School Charter,811Madera County,Yosemite Falls Education Center,812Madera County,Yosemite High,813Marin County,Marin Oaks High,814Marin County,Marin School of Arts and Technology,815Marin County,Nova Education Center,816Marin County,Novato High,817Marin County,San Marin High,818Marin County,San Marin High School-Plus,819Marin County,San Rafael High,820Marin County,Terra Linda High,821Marin County,Shoreline Independent Study,822Marin County,Redwood High,823Marin County,San Andreas High (Continuation),824Marin County,Sir Francis Drake High,825Marin County,Tamalpais High,826Mariposa County,Coulterville High,827Mariposa County,Jesse B. Fremont Community Day,828Mariposa County,Mariposa County High,829Mariposa County,Spring Hill High (Continuation),830Mariposa County,Yosemite Park High,831Mendocino County,Anderson Valley Charter Network,832Mendocino County,Rancheria Continuation,833Mendocino County,Pacific Community Charter,834Mendocino County,Fort Bragg High,835Mendocino County,Lighthouse Community Day,836Mendocino County,Noyo High (Continuation),837Mendocino County,Laytonville Community Day,838Mendocino County,Laytonville Continuation High,839Mendocino County,Laytonville High,840Mendocino County,Leggett Valley High,841Mendocino County,Redwood High (Continuation),842Mendocino County,Whale Gulch High,843Mendocino County,Mendocino Alternative,844Mendocino County,Mendocino Alternative Learning Center,845Mendocino County,Mendocino High,846Mendocino County,Mendocino Sunrise High,847Mendocino County,Round Valley Continuation,848Mendocino County,Round Valley High,849Mendocino County,Accelerated Achievement Academy,850Mendocino County,Redwood Academy of Ukiah,851Mendocino County,South Valley High (Continuation),852Mendocino County,Ukiah High,853Mendocino County,La Vida Charter,854Mendocino County,New Horizon (Alter.),855Mendocino County,New Horizons,856Mendocino County,Sanhedrin High,857Mendocino County,Willits Charter,858Mendocino County,Willits High,859Mendocino County,Willits Secondary Community Day,860Merced County,Delhi High,861Merced County,Shattuck Educational Park,862Merced County,Shattuck Independent Study,863Merced County,Gustine Community Day,864Merced County,Gustine High,865Merced County,Pioneer High (Continuation),866Merced County,Hilmar High,867Merced County,Irwin High (Continuation),868Merced County,Crossroads Alternative Education Center,869Merced County,Los Banos Community Day,870Merced County,Los Banos High,871Merced County,Pacheco High,872Merced County,San Luis High (Continuation),873Merced County,Atwater High,874Merced County,Buhach Colony High,875Merced County,Golden Valley High,876Merced County,Independence High (Alternative),877Merced County,Livingston High,878Merced County,Merced High,879Merced County,Yosemite High (Continuation),880Modoc County,Modoc Charter,881Modoc County,Modoc High,882Mono County,Coleville High,883Mono County,Eastern Sierra Academy,884Mono County,High Desert Academy,885Mono County,Sierra Charter,886Mono County,Mammoth High,887Mono County,Sierra High (Continuation),888Monterey County,Carmel High,889Monterey County,Carmel Valley High,890Monterey County,Somavia High,891Monterey County,Pinnacles High (Cont.),892Monterey County,Center for Independent Study,893Monterey County,Pacific Grove High,894Monterey County,Alisal High,895Monterey County,Carr Lake Community Day,896Monterey County,El Puente,897Monterey County,Everett Alvarez High,898Monterey County,Mount Toro High,899Monterey County,North Salinas High,900Monterey County,Salinas High,901Monterey County,Chalone High,902Monterey County,Pinnacles High (Cont.),903Monterey County,Soledad High,904Napa County,Calistoga Junior-Senior High,905Napa County,American Canyon High,906Napa County,Legacy High,907Napa County,Napa High,908Napa County,Napa Valley Independent Studies,909Napa County,New Technology High,910Napa County,Temescal High (Cont.),911Napa County,Vintage High,912Nevada County,Bear River High,913Nevada County,Earle Jamieson High,914Nevada County,NU Tech High,915Nevada County,Nevada Union High,916Nevada County,North Point Academy,917Nevada County,Pioneer High (Continuation),918Nevada County,Sierra Foothill High (Continuation),919Nevada County,Silver Springs High (Continuation),920Nevada County,Washington Ridge High,921Nevada County,William & Marian Ghidotti High,922Nevada County,Bitney Springs Charter High,923Nevada County,Forest Charter,924Orange County,Anaheim High,925Orange County,Cypress High,926Orange County,Gilbert High (Continuation),927Orange County,John F. Kennedy High,928Orange County,Katella High,929Orange County,Loara High,930Orange County,Magnolia High,931Orange County,Oxford Academy,932Orange County,Polaris High (Alternative),933Orange County,Savanna High,934Orange County,Western High,935Orange County,Brea Canyon High (Continuation),936Orange County,Brea-Olinda Alternative Educ. Prog.,937Orange County,Brea-Olinda High,938Orange County,Aliso Niguel High,939Orange County,Bridges Community Day,940Orange County,California Preparatory Academy,941Orange County,Capistrano Valley High,942Orange County,Dana Hills High,943Orange County,Junipero Serra High,944Orange County,San Clemente High,945Orange County,San Juan Hills High,946Orange County,Tesoro High,947Orange County,Bolsa Grande High,948Orange County,La Quinta High,949Orange County,Pacifica High,950Orange County,Alternative Education-San Joaquin High,951Orange County,Creekside High,952Orange County,Irvine Adult Transition Programs,953Orange County,Irvine High,954Orange County,Irvine Unified - Other Special Programs,955Orange County,Northwood High,956Orange County,University High,957Orange County,Woodbridge High,958Orange County,Laguna Beach High,959Orange County,Laurel High (Continuation),960Orange County,Los Alamitos High,961Orange County,Back Bay High,962Orange County,Costa Mesa High,963Orange County,Early College High,964Orange County,Estancia High,965Orange County,Monte Vista High,966Orange County,Orange Coast Middle College High,967Orange County,California Charter Academy of Orange County,968Orange County,Canyon High,969Orange County,Canyon Hills,970Orange County,El Modena High,971Orange County,OUSD Community Day,972Orange County,OUSD Home Sch,973Orange County,Orange High,974Orange County,Richland Continuation High,975Orange County,Villa Park High,976Orange County,Century High,977Orange County,Cesar E. Chavez High,978Orange County,Community Day Intermediate and High,979Orange County,District Office Programs,980Orange County,Hector G. Godinez,981Orange County,Home Instruction,982Orange County,Julia C. Lathrop Intermediate,983Orange County,Lorin Griset Academy,984Orange County,Mitchell Child Development Center,985Orange County,Nova Academy,986Orange County,OCSA,987Orange County,Saddleback High,988Orange County,Santa Ana High,989Orange County,Teen Parent Program (Alter),990Orange County,Valley High,991Orange County,Arnold O. Beckman High,992Orange County,Foothill High,993Orange County,Hillview High (Continuation),994Orange County,Sycamore High (Alternative),995Orange County,Tustin High,996Placer County,John Adams Academy,997Placer County,California Pacific Charter Schools-Newcastle (CalPac-Newcastle),998Placer County,Chana High (Continuation),999Placer County,Colfax High,1000Placer County,Del Oro High,1001Placer County,Foresthill High,1002Placer County,Maidu High Independent Study,1003Placer County,Placer High,1004Placer County,Rocklin Alternative Education Center,1005Placer County,Rocklin High,1006Placer County,Rocklin Independent Charter Academy,1007Placer County,Victory High,1008Placer County,Whitney High,1009Placer County,Horizon Charter,1010Placer County,Lincoln High,1011Placer County,Partnerships for Student-Centered Learning,1012Plumas County,Beckwourth (Jim) High (Continuation),1013Plumas County,Plumas Alternative Education,1014Plumas County,Portola Junior/Senior High,1015Plumas County,Quincy Elementary,1016Plumas County,Quincy Junior/Senior High,1017Riverside County,Alvord Alternative Continuation High,1018Riverside County,Alvord Alternative Education Center,1019Riverside County,Alvord Continuation High,1020Riverside County,La Sierra High,1021Riverside County,Norte Vista High,1022Riverside County,Banning High,1023Riverside County,Banning Independent Study,1024Riverside County,New Horizon High,1025Riverside County,Beaumont Senior High,1026Riverside County,El Paseo Alternative Learning Center,1027Riverside County,Glen View High,1028Riverside County,Alternative Education Center,1029Riverside County,Coachella Valley High,1030Riverside County,Coachella Valley Unified,1031Riverside County,Desert Mirage High,1032Riverside County,NOVA Academy - Coachella,1033Riverside County,West Shores High,1034Riverside County,Centennial High,1035Riverside County,Centennial Vista High,1036Riverside County,Corona High,1037Riverside County,Corona Vista High,1038Riverside County,Eleanor Roosevelt High,1039Riverside County,Horizon Continuation High,1040Riverside County,John F. Kennedy High,1041Riverside County,Lee V. Pollard High,1042Riverside County,Norco High,1043Riverside County,Orange Grove High,1044Riverside County,Phoenix High,1045Riverside County,Santiago High,1046Riverside County,Victress Bower School for Exceptional Students,1047Riverside County,Amistad High (Continuation),1048Riverside County,Horizon,1049Riverside County,Indio High,1050Riverside County,La Quinta High,1051Riverside County,Palm Desert High,1052Riverside County,Shadow Hills High,1053Riverside County,Summit High (Continuation),1054Riverside County,Alessandro High,1055Riverside County,College Prep High,1056Riverside County,Hamilton K-12,1057Riverside County,Helen Hunt Jackson College Prep High School,1058Riverside County,Hemet Academy for Applied Academics and Technology,1059Riverside County,Hemet Educational Learning Center,1060Riverside County,Hemet High,1061Riverside County,Tahquitz High,1062Riverside County,West Valley High,1063Riverside County,Jurupa Valley High,1064Riverside County,Patriot High,1065Riverside County,Rio Vista High,1066Riverside County,Rivercrest Preparatory,1067Riverside County,Rubidoux High,1068Riverside County,Steps Community Day,1069Riverside County,Elsinore High,1070Riverside County,Gordon Kiefer Independent Study,1071Riverside County,Lakeside High,1072Riverside County,Ortega High,1073Riverside County,Temescal Canyon High,1074Riverside County,Alessandro,1075Riverside County,Bayside Community Day,1076Riverside County,Canyon Springs High,1077Riverside County,March Mountain High,1078Riverside County,March Valley,1079Riverside County,Moreno Valley High,1080Riverside County,Moreno Valley Online Academy,1081Riverside County,Valley View High,1082Riverside County,Vista del Lago High,1083Riverside County,Creekside High,1084Riverside County,Murrieta Mesa High,1085Riverside County,Murrieta Valley High,1086Riverside County,Vista Murrieta High,1087Riverside County,Independent Study,1088Riverside County,Las Brisas High (Cont.),1089Riverside County,Mt. San Jacinto High,1090Riverside County,Palm Springs High,1091Riverside County,Palm Springs Unified,1092Riverside County,Palo Verde High,1093Riverside County,California Military Institute,1094Riverside County,Choice 2000 On-Line,1095Riverside County,Heritage High,1096Riverside County,Paloma Valley High,1097Riverside County,Perris High,1098Riverside County,Perris Lake High (Continuation),1099Riverside County,The Academy Community Day,1100Riverside County,Abraham Lincoln Continuation,1101Riverside County,Creative Options for Positive Education (COPE),1102Riverside County,Gateway to College Early College High,1103Riverside County,John W. North High,1104Riverside County,Martin Luther King Jr. High,1105Riverside County,Opportunity Program,1106Riverside County,Polytechnic High,1107Riverside County,Raincross High (Continuation),1108Riverside County,Ramona High,1109Riverside County,Riverside Virtual,1110Riverside County,Summit View Independent Study,1111Riverside County,Mountain Heights Academy,1112Riverside County,Mountain View High,1113Riverside County,San Jacinto High,1114Riverside County,Chaparral High,1115Riverside County,Great Oak High,1116Riverside County,Rancho Vista High,1117Riverside County,Susan H. Nelson,1118Riverside County,Temecula Preparatory,1119Riverside County,Temecula Valley High,1120Riverside County,Citrus Hill High,1121Riverside County,Rancho Verde High,1122Riverside County,Val Verde High,1123Riverside County,Val Verde Student Success Academy,1124Sacramento County,Johanna Boss High,1125Sacramento County,Mary B. Perry High,1126Sacramento County,N.A. Chaderjian High,1127Sacramento County,Nagazyna (Madelyn) H.S.,1128Sacramento County,Pine Grove Youth Conservation Camp,1129Sacramento County,Calvine High,1130Sacramento County,Capital Community Day,1131Sacramento County,Cosumnes Oaks High,1132Sacramento County,Daylor (William) High (Continuation),1133Sacramento County,Elk Grove Charter,1134Sacramento County,Elk Grove High,1135Sacramento County,Florin High,1136Sacramento County,Franklin High,1137Sacramento County,Jessie Baker,1138Sacramento County,Laguna Creek High,1139Sacramento County,Las Flores High (Alternative),1140Sacramento County,Monterey Trail High,1141Sacramento County,Pleasant Grove High,1142Sacramento County,Rio Cazadero High (Continuation),1143Sacramento County,Sheldon High,1144Sacramento County,Valley High,1145Sacramento County,Cordova High,1146Sacramento County,Folsom High,1147Sacramento County,Folsom Lake High,1148Sacramento County,Kinney High (Continuation),1149Sacramento County,Kitty Hawk,1150Sacramento County,Vista del Lago High,1151Sacramento County,Walnutwood High (Independent Study),1152Sacramento County,Estrellita Continuation High,1153Sacramento County,Galt High,1154Sacramento County,Liberty Ranch High,1155Sacramento County,Vista Nueva High (Cont.),1156Sacramento County,Discovery High,1157Sacramento County,Inderkum High,1158Sacramento County,Natomas Charter,1159Sacramento County,Natomas High,1160Sacramento County,Natomas Pacific Pathways Prep,1161Sacramento County,Sacramento Valley Technical High,1162Sacramento County,American Legion High (Continuation),1163Sacramento County,Arthur A. Benjamin Health Professions High,1164Sacramento County,C. K. McClatchy High,1165Sacramento County,Capital City Independent Study,1166Sacramento County,Community Day,1167Sacramento County,George Washington Carver School of Arts and Science,1168Sacramento County,Hiram W. Johnson High,1169Sacramento County,John F. Kennedy High,1170Sacramento County,Luther Burbank High,1171Sacramento County,Marshall (Thurgood) (Alt),1172Sacramento County,New Technology High,1173Sacramento County,Rosemont High,1174Sacramento County,Sacramento Charter High,1175Sacramento County,Sacramento City Unified,1176Sacramento County,Sacramento High,1177Sacramento County,School of Engineering & Sciences,1178Sacramento County,Visual and Performing Arts Charter,1179Sacramento County,West Campus,1180Sacramento County,Aspire Alexander Twilight Secondary Academy,1181Sacramento County,Delta Secondary Academy,1182Sacramento County,Encina Preparatory High,1183Sacramento County,La Vista Center,1184Sacramento County,Laurel Ruff Transition,1185Sacramento County,Options for Youth-San Juan,1186Sacramento County,Ralph Richardson Center,1187Sacramento County,Rio Americano High,1188Sacramento County,Rio del Sol Continuation High,1189Sacramento County,San Juan Choices Charter,1190Sacramento County,San Juan Unified,1191Sacramento County,Visions In Education,1192Sacramento County,Community Collaborative Charter,1193Sacramento County,Creative Connections Arts Academy,1194Sacramento County,Elwood J. Keema High,1195Sacramento County,Foothill High,1196Sacramento County,Futures High,1197Sacramento County,Grant Union High,1198Sacramento County,Heritage Peak Charter,1199Sacramento County,Highlands High,1200Sacramento County,Pacific Career and Technology High,1201Sacramento County,Rio Linda High,1202Sacramento County,SAVA: Sacramento Academic and Vocational Academy,1203Sacramento County,Vista Nueva Career and Technology High,1204San Benito County,San Andreas Continuation High,1205San Benito County,San Benito High,1206San Bernardino County,Alta Vista Public,1207San Bernardino County,Taylion High Desert Academy/Adelanto,1208San Bernardino County,Academy for Academic Excellence,1209San Bernardino County,Academy for Academic Excellence (Char),1210San Bernardino County,Apple Valley High,1211San Bernardino County,Cato II School of Reason (Char),1212San Bernardino County,Granite Hills High,1213San Bernardino County,High Desert Premier Academy,1214San Bernardino County,Willow Park High,1215San Bernardino County,Big Bear High,1216San Bernardino County,Center for Excellence in Education,1217San Bernardino County,Chautauqua High (Continuation),1218San Bernardino County,Alta Loma High,1219San Bernardino County,Chaffey Community Day,1220San Bernardino County,Chaffey District Online High,1221San Bernardino County,Chaffey High,1222San Bernardino County,Colony High,1223San Bernardino County,Etiwanda High,1224San Bernardino County,Los Osos High,1225San Bernardino County,Montclair High,1226San Bernardino County,Ontario High,1227San Bernardino County,Rancho Cucamonga High,1228San Bernardino County,Valley View High (Continuation),1229San Bernardino County,Boys Republic High,1230San Bernardino County,Buena Vista Continuation High,1231San Bernardino County,Chino High,1232San Bernardino County,Chino Hills High,1233San Bernardino County,Chino Valley Learning Academy,1234San Bernardino County,Don Antonio Lugo High,1235San Bernardino County,Ruben S. Ayala High,1236San Bernardino County,Bloomington High,1237San Bernardino County,Colton High,1238San Bernardino County,Colton Joint Unified,1239San Bernardino County,Grand Terrace High School at the Ray Abril Jr. Educational Complex,1240San Bernardino County,Las Banderas Academy,1241San Bernardino County,Slover Mountain High (Continuation),1242San Bernardino County,Washington High,1243San Bernardino County,Birch High (Continuation),1244San Bernardino County,Citrus High (Continuation),1245San Bernardino County,Fontana A. B. Miller High,1246San Bernardino County,Fontana Alternative Learning Center,1247San Bernardino County,Fontana High,1248San Bernardino County,Fontana Unified Alternative Education,1249San Bernardino County,Fontana Unified Community Day,1250San Bernardino County,Henry J. Kaiser High,1251San Bernardino County,Jurupa Hills High,1252San Bernardino County,Summit High,1253San Bernardino County,Academy of Careers and Exploration,1254San Bernardino County,Crosswalk: Higher Education Learning Pathways,1255San Bernardino County,Encore Jr./Sr. High School for the Performing and Visual Arts,1256San Bernardino County,Hesperia High,1257San Bernardino County,Mirus Secondary,1258San Bernardino County,Mojave High,1259San Bernardino County,Oak Hills High,1260San Bernardino County,Oasis Charter Academy,1261San Bernardino County,Shadow Ridge,1262San Bernardino County,Sultana High,1263San Bernardino County,Summit Leadership Academy-High Desert,1264San Bernardino County,Lucerne Valley Career Academy,1265San Bernardino County,Lucerne Valley Community Day,1266San Bernardino County,Lucerne Valley High,1267San Bernardino County,Sky Mountain Charter,1268San Bernardino County,Black Rock Alternative/Continuation,1269San Bernardino County,Hope Academy Charter,1270San Bernardino County,Monument Alternative/Continuation,1271San Bernardino County,Twentynine Palms High,1272San Bernardino County,Yucca Valley High,1273San Bernardino County,Educational Training Center,1274San Bernardino County,Needles High,1275San Bernardino County,California Charter Academy of Oro Grande,1276San Bernardino County,Mojave River Academy,1277San Bernardino County,Riverside Preparatory,1278San Bernardino County,Citrus Valley High,1279San Bernardino County,Grove,1280San Bernardino County,Orangewood High (Continuation),1281San Bernardino County,Redlands East Valley High,1282San Bernardino County,Redlands Senior High,1283San Bernardino County,Redlands Unified,1284San Bernardino County,Eisenhower Senior High,1285San Bernardino County,Milor Continuation High,1286San Bernardino County,Rialto High,1287San Bernardino County,Wilmer Amina Carter High,1288San Bernardino County,Mountain High,1289San Bernardino County,Rim of the World Senior High,1290San Bernardino County,Calico Continuation High,1291San Bernardino County,Silver Valley Academy,1292San Bernardino County,Silver Valley Community Day,1293San Bernardino County,Silver Valley High,1294San Bernardino County,California Charter Academy,1295San Bernardino County,California Charter Academy Affiliate Programs,1296San Bernardino County,Chaparral High,1297San Bernardino County,Eagle Summit Community Day,1298San Bernardino County,Serrano High,1299San Bernardino County,Snowline Virtual,1300San Bernardino County,Hillside High,1301San Bernardino County,Options for Youth - Upland,1302San Bernardino County,Upland High,1303San Bernardino County,Excelsior Charter,1304San Bernardino County,Goodwill High,1305San Bernardino County,High Desert Academy of Applied Arts and Sciences,1306San Bernardino County,Options for Youth-Victorville Charter,1307San Bernardino County,Silverado High,1308San Bernardino County,University Preparatory,1309San Bernardino County,Victor Valley High,1310San Bernardino County,Victor Valley Union High,1311San Diego County,Borrego Springs High,1312San Diego County,Juan Bautista de Anza,1313San Diego County,Santa Rosa Community Day,1314San Diego County,Carlsbad High,1315San Diego County,Coronado High,1316San Diego County,Dehesa Charter,1317San Diego County,Diego Hills Charter,1318San Diego County,Center City High,1319San Diego County,Escondido Charter High,1320San Diego County,Escondido High,1321San Diego County,Orange Glen High,1322San Diego County,San Pasqual High,1323San Diego County,Valley High (Continuation),1324San Diego County,Fallbrook High,1325San Diego County,Ivy High (Continuation),1326San Diego County,Oasis High (Alternative),1327San Diego County,Chaparral High,1328San Diego County,El Cajon Valley High,1329San Diego County,El Capitan High,1330San Diego County,Elite Academy,1331San Diego County,Gateway Community Day,1332San Diego County,Gateway West Community Day,1333San Diego County,Granite Hills High,1334San Diego County,Grossmont High,1335San Diego County,Grossmont Middle College High,1336San Diego County,Helix High,1337San Diego County,Liberty Charter,1338San Diego County,MERIT Academy,1339San Diego County,Monte Vista High,1340San Diego County,Mount Miguel High,1341San Diego County,Phoenix High,1342San Diego County,Santana High,1343San Diego County,Steele Canyon High,1344San Diego County,Valhalla High,1345San Diego County,West Hills High,1346San Diego County,Work Training Center,1347San Diego County,Julian Charter,1348San Diego County,Eagles Peak Charter,1349San Diego County,Julian High,1350San Diego County,Academy of Arts and Sciences: El Cajon Middle and High (6-12),1351San Diego County,California Pacific Charter School of San Diego,1352San Diego County,Campo High (Continuation),1353San Diego County,Cottonwood Community Day,1354San Diego County,Mountain Empire Applied Sciences and Technology Academy,1355San Diego County,Mountain Meadow High,1356San Diego County,Mountain Peak Charter,1357San Diego County,Pivot Charter School - San Diego,1358San Diego County,El Camino High,1359San Diego County,Ocean Shores High (Continuation),1360San Diego County,Oceanside High,1361San Diego County,Pacific View Charter,1362San Diego County,School of Business and Technology,1363San Diego County,Abraxas Continuation High,1364San Diego County,Adobe Bluffs Elementary,1365San Diego County,Del Norte High,1366San Diego County,Mt. Carmel High,1367San Diego County,Poway High,1368San Diego County,Poway Unified,1369San Diego County,Rancho Bernardo High,1370San Diego County,Westview High,1371San Diego County,Future Bound Independent Study Secondary,1372San Diego County,Olive Peirce Middle,1373San Diego County,Ramona Community,1374San Diego County,Sun Valley Charter,1375San Diego County,High Tech High Chula Vista,1376San Diego County,High Tech High North County,1377San Diego County,Canyon Crest Academy,1378San Diego County,La Costa Canyon High,1379San Diego County,San Dieguito High Academy,1380San Diego County,Sunset High (Continuation),1381San Diego County,Torrey Pines High,1382San Diego County,Bayshore Preparatory Charter,1383San Diego County,Foothills High,1384San Diego County,Mission Hills High,1385San Diego County,San Marcos High,1386San Diego County,Twin Oaks High,1387San Diego County,Alta Vista Academy,1388San Diego County,Bonita Vista Senior High,1389San Diego County,Bounce Back Independent Study High,1390San Diego County,Chula Vista Senior High,1391San Diego County,East Hills Academy,1392San Diego County,Fifth Avenue Academy,1393San Diego County,MAAC Community Charter,1394San Diego County,Mar Vista Senior High,1395San Diego County,Montgomery Senior High,1396San Diego County,Olympian High,1397San Diego County,Options Secondary,1398San Diego County,San Ysidro High,1399San Diego County,Sweetwater Union High,1400San Diego County,Oak Glen High,1401San Diego County,Valley Center High,1402San Diego County,Valley Center Prep,1403San Diego County,Alta Vista High (Continuation),1404San Diego County,Guajome Learning Center,1405San Diego County,Guajome Park Academy Charter,1406San Diego County,Major General Raymond Murray High,1407San Diego County,Mission Vista High,1408San Diego County,North County Trade Tech High,1409San Diego County,Rancho Buena Vista High,1410San Diego County,SIATech,1411San Diego County,Vista Adult Transition Center,1412San Diego County,Vista Community Day High,1413San Diego County,Vista High,1414San Diego County,All Tribes Charter,1415San Diego County,San Jose Valley Continuation High,1416San Francisco County,Academy of Arts and Sciences,1417San Francisco County,"Asawa (Ruth) San Francisco School of the Arts, A Public School.",1418San Francisco County,Balboa High,1419San Francisco County,Burton (Phillip and Sala) Academic High,1420San Francisco County,Cabrillo Elementary,1421San Francisco County,Downtown High,1422San Francisco County,Five Keys Charter (SF Sheriff's),1423San Francisco County,Five Keys Independence HS (SF Sheriff's),1424San Francisco County,Galileo High,1425San Francisco County,Gateway High,1426San Francisco County,Gateway to College,1427San Francisco County,Independence High,1428San Francisco County,International Studies Academy,1429San Francisco County,Leadership High,1430San Francisco County,Lincoln (Abraham) High,1431San Francisco County,Lowell High,1432San Francisco County,Mark Twain High (Cont.),1433San Francisco County,Marshall (Thurgood) High,1434San Francisco County,Metropolitan Arts & Technology High,1435San Francisco County,Mission High,1436San Francisco County,O'Connell (John) High,1437San Francisco County,S.F. International High,1438San Francisco County,Wallenberg (Raoul) Traditional High,1439San Francisco County,Washington (George) High,1440San Francisco County,Wells (Ida B.) High,1441San Joaquin County,Escalon High,1442San Joaquin County,Escalon Independent Study Center,1443San Joaquin County,Independent Study Center,1444San Joaquin County,Larsson (Sture) High (Continuation),1445San Joaquin County,Lincoln Community Day 7-12,1446San Joaquin County,Lincoln High,1447San Joaquin County,Linden High,1448San Joaquin County,Linden Unified Community Day,1449San Joaquin County,Pride Continuation,1450San Joaquin County,Aspire Benjamin Holt College Preparatory Academy,1451San Joaquin County,Bear Creek High,1452San Joaquin County,Independence,1453San Joaquin County,Liberty High,1454San Joaquin County,Lodi High,1455San Joaquin County,Middle College High,1456San Joaquin County,Plaza Robles Continuation High,1457San Joaquin County,Rio Valley Charter,1458San Joaquin County,Ronald E. McNair High,1459San Joaquin County,Tokay High,1460San Joaquin County,Calla High,1461San Joaquin County,East Union High,1462San Joaquin County,Heritage Family Academy,1463San Joaquin County,Lathrop High,1464San Joaquin County,Manteca Community Day (7-12),1465San Joaquin County,Manteca Unified Vocational Academy,1466San Joaquin County,New Vision High,1467San Joaquin County,Sierra High,1468San Joaquin County,Weston Ranch High,1469San Joaquin County,New Hope Charter,1470San Joaquin County,Academy of Arts and Sciences: San Joaquin,1471San Joaquin County,California Virtual Academy @ San Joaquin,1472San Joaquin County,Delta Charter,1473San Joaquin County,Delta Charter Online,1474San Joaquin County,"Humphreys College Academy of Business, Law and Education",1475San Joaquin County,California Connections Academy @ Ripon,1476San Joaquin County,Harvest High,1477San Joaquin County,Ripon High,1478San Joaquin County,California Pacific Charter School North Central California,1479San Joaquin County,George and Evelyn Stein Continuation,1480San Joaquin County,John C. Kimball High,1481San Joaquin County,Merrill F. West High,1482San Joaquin County,Millennium Charter,1483San Joaquin County,Tracy High,1484San Joaquin County,Duncan-Russell Continuation,1485San Joaquin County,Tracy High,1486San Luis Obispo County,Del Rio Continuation High,1487San Luis Obispo County,Oak Hills High (Cont.),1488San Luis Obispo County,West Mall Alternative,1489San Luis Obispo County,Cambria Community Day,1490San Luis Obispo County,Coast Union High,1491San Luis Obispo County,Leffingwell High (Continuation),1492San Luis Obispo County,Arroyo Grande High,1493San Luis Obispo County,Lucia Mar Independent Study Center,1494San Luis Obispo County,Nipomo High,1495San Luis Obispo County,Grizzly Challenge Charter,1496San Luis Obispo County,Independence High,1497San Luis Obispo County,Liberty High (Continuation),1498San Luis Obispo County,Paso Robles High,1499San Luis Obispo County,Paso Robles Independent Study Center,1500San Luis Obispo County,Paso Robles High,1501San Luis Obispo County,Morro Bay High,1502San Luis Obispo County,Pacific Beach High,1503San Luis Obispo County,San Luis Coastal Special Education,1504San Luis Obispo County,San Luis Obispo High,1505San Luis Obispo County,Shandon High,1506San Luis Obispo County,Eagle Canyon High,1507San Luis Obispo County,Templeton High,1508San Mateo County,California Pacific Charter School of San Francisco Bay,1509San Mateo County,Half Moon Bay High,1510San Mateo County,Pilarcitos Alternative High (Continuation),1511San Mateo County,California Virtual Academy @ San Mateo,1512San Mateo County,Oceana High,1513San Mateo County,Thornton High,1514San Mateo County,Westmoor High,1515San Mateo County,Aurora High,1516San Mateo County,Aragon High,1517San Mateo County,Burlingame High,1518San Mateo County,Capuchino High,1519San Mateo County,Hillsdale High,1520San Mateo County,Mills High,1521San Mateo County,Peninsula High,1522San Mateo County,Peninsula High (Continuation),1523San Mateo County,San Mateo High,1524San Mateo County,San Mateo Union High Community Day,1525San Mateo County,Aspire East Palo Alto Phoenix Academy,1526San Mateo County,Carlmont High,1527San Mateo County,East Palo Alto Academy,1528San Mateo County,Menlo-Atherton High,1529San Mateo County,Redwood High,1530San Mateo County,Sequoia District Community Day,1531San Mateo County,Sequoia High,1532San Mateo County,Sequoia Union High Independent Study,1533San Mateo County,Summit Preparatory Charter High,1534San Mateo County,Woodside High,1535Santa Barbara County,Carpinteria Senior High,1536Santa Barbara County,Rincon High (Continuation),1537Santa Barbara County,Cuyama Valley High,1538Santa Barbara County,Cabrillo High,1539Santa Barbara County,Camino Real Community Partnership Academy,1540Santa Barbara County,Lompoc High,1541Santa Barbara County,Maple High,1542Santa Barbara County,Los Olivos Charter School,1543Santa Barbara County,Orcutt Academy Charter,1544Santa Clara County,Boynton High,1545Santa Clara County,Branham High,1546Santa Clara County,Del Mar High,1547Santa Clara County,Leigh High,1548Santa Clara County,Prospect High,1549Santa Clara County,Westmont High,1550Santa Clara County,Alternative Placement Academy Community Day,1551Santa Clara County,Andrew P. Hill High,1552Santa Clara County,Escuela Popular Accelerated Family Learning,1553Santa Clara County,Evergreen Valley High,1554Santa Clara County,Foothill High,1555Santa Clara County,Genesis High,1556Santa Clara County,Independence High,1557Santa Clara County,James Lick High,1558Santa Clara County,KIPP San Jose Collegiate,1559Santa Clara County,Latino College Preparatory Academy,1560Santa Clara County,Mount Pleasant High,1561Santa Clara County,Oak Grove High,1562Santa Clara County,Piedmont Hills High,1563Santa Clara County,Santa Teresa High,1564Santa Clara County,Silver Creek High,1565Santa Clara County,William C. Overfelt High,1566Santa Clara County,Yerba Buena High,1567Santa Clara County,Community Day,1568Santa Clara County,Cupertino High,1569Santa Clara County,Fremont High,1570Santa Clara County,Fremont Union Alternative Education,1571Santa Clara County,Lynbrook High,1572Santa Clara County,Monta Vista High,1573Santa Clara County,Christopher High,1574Santa Clara County,Dr. T. J. Owens Gilroy Early College Academy,1575Santa Clara County,Gilroy High,1576Santa Clara County,Gilroy Unified,1577Santa Clara County,Mt. Madonna High,1578Santa Clara County,Calaveras Hills,1579Santa Clara County,Milpitas Community Day,1580Santa Clara County,Milpitas High,1581Santa Clara County,Advent Academy,1582Santa Clara County,Ann Sobrato High,1583Santa Clara County,Central High (Continuation),1584Santa Clara County,Live Oak High,1585Santa Clara County,Henry M. Gunn High,1586Santa Clara County,Palo Alto High,1587Santa Clara County,Abraham Lincoln High,1588Santa Clara County,Broadway High,1589Santa Clara County,Downtown College Preparatory,1590Santa Clara County,Gunderson High,1591Santa Clara County,Leland High,1592Santa Clara County,Leland Plus (Continuation),1593Santa Clara County,Liberty High (Alternative),1594Santa Clara County,Lincoln Plus High,1595Santa Clara County,Middle College High,1596Santa Clara County,San Jose Community High,1597Santa Clara County,San Jose High Academy Plus,1598Santa Clara County,San Jos High,1599Santa Clara County,Willow Glen High,1600Santa Clara County,Willow Glen Plus (Continuation),1601Santa Clara County,Adrian Wilcox High,1602Santa Clara County,New Valley Continuation High,1603Santa Clara County,Santa Clara High,1604Santa Clara County,Wilson Alternative,1605Santa Cruz County,Ark Independent Studies,1606Santa Cruz County,Costanoa Continuation High,1607Santa Cruz County,Delta Charter,1608Santa Cruz County,Harbor High,1609Santa Cruz County,Santa Cruz High,1610Santa Cruz County,Soquel High,1611Santa Cruz County,Scotts Valley High,1612Shasta County,Anderson High,1613Shasta County,Anderson New Technology High,1614Shasta County,North Valley High,1615Shasta County,Oakview High (Alternative),1616Shasta County,West Valley High,1617Shasta County,Fall River Community Day,1618Shasta County,Fall River Junior-Senior High,1619Shasta County,Academy of Personalized Learning,1620Shasta County,Central Valley High,1621Shasta County,Gateway Educational Options,1622Shasta County,Mountain Lakes High,1623Shasta County,Stellar Secondary Charter High,1624Shasta County,Wonder to Wisdom Charter Academy,1625Shasta County,Enterprise High,1626Shasta County,Enterprise Plus,1627Shasta County,Foothill High,1628Shasta County,Foothill Plus,1629Shasta County,Freedom High,1630Shasta County,North State Independence High,1631Shasta County,Pioneer Continuation High,1632Shasta County,Shasta Charter Academy,1633Shasta County,Shasta High,1634Shasta County,Shasta Learning Center Opportunity,1635Shasta County,Shasta Plus,1636Siskiyou County,Butte Valley High,1637Siskiyou County,Scott River High,1638Siskiyou County,Scott Valley Community Day,1639Siskiyou County,Golden Eagle Charter,1640Siskiyou County,Jefferson High (Continuation),1641Siskiyou County,Mt. Shasta High,1642Siskiyou County,Yreka High,1643Siskiyou County,Yreka Union High Community Day,1644Solano County,Benicia High,1645Solano County,Community Day,1646Solano County,Liberty High,1647Solano County,Dixon Community Day,1648Solano County,Dixon High,1649Solano County,Maine Prairie High (Continuation),1650Solano County,Fairfield High,1651Solano County,Mary Bird,1652Solano County,Matt Garcia Learning Center,1653Solano County,Travis Education Center,1654Solano County,Vanden High,1655Solano County,Country High,1656Solano County,Elise P. Buckingham Charter Magnet High,1657Solano County,Vacaville Community Day Prep,1658Solano County,Vacaville High,1659Solano County,Will C. Wood High,1660Solano County,HOPE,1661Solano County,Hogan High,1662Solano County,Jesse M. Bethel High,1663Solano County,John Finney High (Continuation),1664Solano County,Vallejo City Unified Alternative Education,1665Solano County,Vallejo Education Academy,1666Solano County,Vallejo High,1667Sonoma County,Cloverdale High,1668Sonoma County,Johanna Echols-Hansen High (Continuation),1669Sonoma County,Buena Vista High,1670Sonoma County,Pathways Charter,1671Sonoma County,Healdsburg High,1672Sonoma County,Mountain View Continuation High,1673Sonoma County,Healdsburg High,1674Sonoma County,Mountain View Continuation High,1675Sonoma County,Abraxis Charter,1676Sonoma County,Arts & Ethics Academy WASC Accredited Charter High,1677Sonoma County,Elsie Allen High,1678Sonoma County,Grace High,1679Sonoma County,Lewis Opportunity,1680Sonoma County,Maria Carrillo High,1681Sonoma County,Midrose High,1682Sonoma County,Montgomery High,1683Sonoma County,Piner High,1684Sonoma County,Ridgway High (Continuation),1685Sonoma County,Santa Rosa High,1686Sonoma County,Sonoma Valley High,1687Sonoma County,Insight School of California - North Bay,1688Sonoma County,Windsor High,1689Sonoma County,Windsor Oaks Academy,1690Stanislaus County,Argus High (Continuation),1691Stanislaus County,Central Valley High,1692Stanislaus County,Ceres High,1693Stanislaus County,Endeavor Alternative,1694Stanislaus County,Whitmore Charter High,1695Stanislaus County,Denair Charter Academy,1696Stanislaus County,Oasis Community Day,1697Stanislaus County,Hughson High,1698Stanislaus County,Hughson High,1699Stanislaus County,Fred C. Beyer High,1700Stanislaus County,Grace M. Davis High,1701Stanislaus County,Joseph A. Gregori High,1702Stanislaus County,Modesto High,1703Stanislaus County,Modesto Virtual Academy,1704Stanislaus County,Peter Johansen High,1705Stanislaus County,Robert Elliott Alternative Education Center,1706Stanislaus County,Thomas Downey High,1707Stanislaus County,East Stanislaus High,1708Stanislaus County,Oakdale Charter High,1709Stanislaus County,Oakdale High,1710Stanislaus County,Valley Oak Junior and Senior High,1711Stanislaus County,Valley Technical,1712Stanislaus County,East Stanislaus High (Cont.),1713Stanislaus County,Oakdale Jt. Un. High Alternative,1714Stanislaus County,Riverbank High,1715Stanislaus County,Valley Oak High (Alternative),1716Stanislaus County,Del Puerto High,1717Stanislaus County,Patterson High,1718Stanislaus County,Adelante High,1719Stanislaus County,RISE (Riverbank Independent Study Education),1720Stanislaus County,Riverbank High,1721Stanislaus County,Freedom Education Center,1722Stanislaus County,John H. Pitman High,1723Stanislaus County,Turlock High,1724Stanislaus County,eCademy Charter at Crane,1725Stanislaus County,Connecting Waters Charter,1726Stanislaus County,Sentinel High,1727Stanislaus County,Waterford High,1728Sutter County,Live Oak Alternative,1729Sutter County,Live Oak High,1730Sutter County,California Virtual Academy @ Sutter,1731Sutter County,California Virtual Academy @ Sutter,1732Sutter County,Butte View High,1733Sutter County,Sutter High,1734Sutter County,Albert Powell Continuation,1735Sutter County,River Valley High,1736Sutter County,Yuba City Charter,1737Sutter County,Yuba City Charter High,1738Sutter County,Yuba City High,1739Sutter County,Yuba City Unified Alternative,1740Tehama County,Centennial Continuation High,1741Tehama County,Corning High,1742Tehama County,Los Molinos Community Day,1743Tehama County,Los Molinos High,1744Trinity County,Valley High,1745Trinity County,Trinity High,1746Tulare County,Alpaugh Junior-Senior High,1747Tulare County,Central California Connections Academy,1748Tulare County,Burton Pathways Charter Academy,1749Tulare County,Dinuba High,1750Tulare County,Dinuba High,1751Tulare County,Roosevelt Elementary,1752Tulare County,Sierra Vista High (Continuation),1753Tulare County,Deep Creek Academy,1754Tulare County,Farmersville High,1755Tulare County,Golden Hills Alternative High (Cont.),1756Tulare County,Lindsay Senior High,1757Tulare County,Loma Vista Charter,1758Tulare County,Butterfield Charter High,1759Tulare County,Frazier High,1760Tulare County,Granite Hills High,1761Tulare County,Harmony Magnet Academy,1762Tulare County,Monache High,1763Tulare County,Porterville High,1764Tulare County,Prospect Education Center,1765Tulare County,Strathmore High,1766Tulare County,Vine Street Community Day,1767Tulare County,Monache High,1768Tulare County,Mission Oak High,1769Tulare County,Tulare Technical Preparatory High,1770Tulare County,Tulare Union High,1771Tulare County,Tulare Western High,1772Tulare County,Valley High,1773Tulare County,Golden West High,1774Tulare County,River Bend,1775Tulare County,Visalia Charter Independent Study,1776Tulare County,Visalia Technical Early College,1777Tuolumne County,Sonora High,1778Tuolumne County,Cold Springs High,1779Tuolumne County,Connections Visual and Performing Arts Academy,1780Tuolumne County,Gold Rush Charter,1781Tuolumne County,Long Barn High,1782Tuolumne County,Sierra Community Day,1783Tuolumne County,South Fork High,1784Tuolumne County,Summerville High,1785Ventura County,Century Academy,1786Ventura County,Century High,1787Ventura County,Newbury Park High,1788Ventura County,Thousand Oaks High,1789Ventura County,Westlake High,1790Ventura County,Fillmore Senior High,1791Ventura County,Heritage Valley Independent Study,1792Ventura County,Sierra High,1793Ventura County,Golden Valley Charter,1794Ventura County,Golden Valley Virtual Charter,1795Ventura County,Community High,1796Ventura County,IvyTech Charter,1797Ventura County,Moorpark High,1798Ventura County,The High School at Moorpark College,1799Ventura County,Academy of Arts and Sciences: Thousand Oaks & Simi Valley,1800Ventura County,Oak Park High,1801Ventura County,Oak Park Independent,1802Ventura County,Oak View High,1803Ventura County,Chaparral High,1804Ventura County,Nordhoff High,1805Ventura County,Valley Oak Charter,1806Ventura County,Adolfo Camarillo High,1807Ventura County,"Architecture, Construction & Engineering Charter High (ACE)",1808Ventura County,Channel Islands High,1809Ventura County,Condor High,1810Ventura County,Frontier High,1811Ventura County,Hueneme High,1812Ventura County,Oxnard High,1813Ventura County,Pacific View High (Community Day),1814Ventura County,Pacifica High,1815Ventura County,Puente High,1816Ventura County,Rio Mesa High,1817Ventura County,Apollo High,1818Ventura County,Royal High,1819Ventura County,Santa Susana High,1820Ventura County,Simi Valley High,1821Ventura County,Buena High,1822Ventura County,El Camino High,1823Ventura County,Foothill Technology High,1824Ventura County,Pacific High,1825Ventura County,Ventura High,1826Ventura County,Ventura Islands High,1827Yolo County,Davis School for Independent Study,1828Yolo County,Davis Senior High,1829Yolo County,King (Martin Luther) High (Continuation),1830Yolo County,Esparto High,1831Yolo County,Esparto Unified,1832Yolo County,River City High,1833Yolo County,West Sacramento Early College Prep Charter,1834Yolo County,Yolo High,1835Yolo County,Winters High,1836Yolo County,Wolfskill High,1837Yolo County,Cache Creek High (Continuation),1838Yolo County,Pioneer High,1839Yolo County,Woodland Jt. Unified Alter. Educ.,1840Yolo County,Woodland Senior High,1841Yuba County,Camptonville Academy,1842Yuba County,Lincoln (Abraham) (Alternative),1843Yuba County,Lindhurst High,1844Yuba County,Marysville Charter Academy for the Arts,1845Yuba County,Marysville High,1846Yuba County,North Marysville Continuation High,1847Yuba County,South Lindhurst Continuation High,1848Yuba County,Academy for Career Education Charter,1849Yuba County,Wheatland Community Day High,1850Yuba County,Wheatland Union High,1851